{"train_loss": [1.041656255722046, 0.9971345663070679, 0.9741155505180359, 0.955186665058136, 0.9393017292022705, 0.9229519963264465, 0.9088494777679443, 0.8950901627540588, 0.8847519755363464, 0.86436927318573, 0.8516101837158203, 0.8356744050979614, 0.8261023759841919, 0.811609148979187, 0.798120379447937, 0.7813448905944824, 0.7757413983345032, 0.7524312734603882, 0.7334882020950317, 0.7250630259513855, 0.706234335899353, 0.6948664784431458, 0.6786247491836548, 0.6655986905097961, 0.6572064161300659, 0.640110194683075, 0.6327570676803589, 0.6167944073677063, 0.6069055795669556, 0.5964394807815552, 0.5730557441711426, 0.5636764764785767, 0.5548216700553894, 0.5806817412376404, 0.5257399082183838, 0.5291503667831421, 0.5085296630859375, 0.4943126142024994, 0.4931394159793854, 0.47708067297935486, 0.4605262875556946, 0.455091267824173, 0.44800302386283875, 0.43715259432792664, 0.4253072440624237, 0.4131879508495331, 0.4140036702156067, 0.3995841145515442, 0.38676488399505615, 0.38125795125961304, 0.3648599684238434, 0.35129278898239136, 0.3713051378726959, 0.3488224744796753, 0.3389226198196411, 0.33822718262672424, 0.3233020007610321, 0.3234102725982666, 0.3044283390045166, 0.3002028167247772, 0.29324325919151306, 0.2910293936729431, 0.27889055013656616, 0.2753913104534149, 0.2642948627471924, 0.26629438996315, 0.2478683441877365, 0.24525853991508484, 0.24978868663311005, 0.23397710919380188, 0.22331948578357697, 0.2243136167526245, 0.21373242139816284, 0.20366057753562927, 0.20756401121616364, 0.20638418197631836, 0.1965845674276352, 0.1921178698539734, 0.18699364364147186, 0.18870660662651062], "val_loss": [0.9964056611061096, 0.9954342246055603, 0.9961538910865784, 1.0034111738204956, 1.003071904182434, 1.0021036863327026, 1.0055502653121948, 1.0096018314361572, 1.0048002004623413, 1.0197389125823975, 1.0208590030670166, 1.0228499174118042, 1.029698371887207, 1.0348432064056396, 1.0372337102890015, 1.0325276851654053, 1.0292420387268066, 1.0570282936096191, 1.0541993379592896, 1.058035969734192, 1.057081937789917, 1.071528673171997, 1.0914390087127686, 1.0810773372650146, 1.1108975410461426, 1.10239577293396, 1.1187916994094849, 1.0855804681777954, 1.1249431371688843, 1.116590142250061, 1.1252599954605103, 1.1303776502609253, 1.1846625804901123, 1.1707103252410889, 1.1626696586608887, 1.2063140869140625, 1.185425877571106, 1.2197368144989014, 1.2412655353546143, 1.2092076539993286, 1.2567616701126099, 1.2376258373260498, 1.2740269899368286, 1.293099284172058, 1.2659728527069092, 1.274314284324646, 1.2976964712142944, 1.2878621816635132, 1.309521198272705, 1.2974166870117188, 1.312934398651123, 1.3601329326629639, 1.3372339010238647, 1.3104525804519653, 1.3726863861083984, 1.3630423545837402, 1.4070661067962646, 1.4132888317108154, 1.3972774744033813, 1.417589545249939, 1.3692972660064697, 1.414898157119751, 1.4236910343170166, 1.438097357749939, 1.4363789558410645, 1.4216176271438599, 1.4392451047897339, 1.4700183868408203, 1.4607644081115723, 1.463685393333435, 1.5185962915420532, 1.4760715961456299, 1.496423363685608, 1.5140525102615356, 1.5185506343841553, 1.5148098468780518, 1.5225080251693726, 1.614769697189331, 1.5903050899505615, 1.6147891283035278]}