{"train_loss": [1.037723183631897, 0.9925222992897034, 0.9751664996147156, 0.9630934596061707, 0.9490506052970886, 0.9367851614952087, 0.9260227084159851, 0.9127410054206848, 0.8999921679496765, 0.8896323442459106, 0.8761605024337769, 0.8653154373168945, 0.8500962853431702, 0.83708256483078, 0.8299463391304016, 0.8127345442771912, 0.7922764420509338, 0.7672449350357056, 0.7548439502716064, 0.7395968437194824, 0.7195660471916199, 0.6931653022766113, 0.6882590055465698, 0.6750745177268982, 0.6561000347137451, 0.6438893675804138, 0.6196585893630981, 0.6104137897491455, 0.6012812852859497, 0.5811060070991516, 0.578869640827179, 0.5612741708755493, 0.5419480800628662, 0.5320606827735901, 0.517673909664154, 0.506026566028595, 0.4924546778202057, 0.4730488359928131, 0.46061787009239197, 0.4469311833381653, 0.4374966025352478, 0.43730252981185913, 0.4334806501865387, 0.4216926693916321, 0.39470264315605164, 0.3927026689052582, 0.38389039039611816, 0.3835834860801697, 0.37290459871292114, 0.36249473690986633, 0.3401831090450287, 0.3393758535385132, 0.34190529584884644, 0.33146223425865173, 0.31239068508148193, 0.30617132782936096, 0.3054920434951782, 0.2964910566806793, 0.29215365648269653, 0.2889563739299774, 0.2837636470794678, 0.2702050507068634, 0.2687003016471863, 0.2554081678390503, 0.25373178720474243, 0.2370840609073639, 0.23417024314403534, 0.2240029275417328, 0.23281581699848175, 0.22429683804512024, 0.22118018567562103, 0.22462038695812225, 0.20542699098587036, 0.20907512307167053, 0.21708528697490692, 0.2042992264032364, 0.19049818813800812, 0.19564588367938995, 0.19194567203521729, 0.18404869735240936], "val_loss": [0.998248815536499, 0.9863008856773376, 0.9893072843551636, 0.9872575998306274, 0.9886172413825989, 0.988830029964447, 0.9809691309928894, 0.9772434234619141, 0.9821762442588806, 0.9729675054550171, 0.9650562405586243, 0.9695446491241455, 0.9583027362823486, 0.9681702852249146, 0.9566424489021301, 0.9736846089363098, 0.9639496207237244, 0.9654623866081238, 0.9704827666282654, 0.9815521240234375, 0.9643990993499756, 1.008453369140625, 1.0016682147979736, 1.0128414630889893, 1.0150096416473389, 1.016322135925293, 1.0268330574035645, 1.0147806406021118, 1.032954454421997, 1.0900418758392334, 1.0945452451705933, 1.0916980504989624, 1.0933367013931274, 1.1239935159683228, 1.1406420469284058, 1.1585917472839355, 1.1469603776931763, 1.1629971265792847, 1.1770098209381104, 1.189592957496643, 1.2350220680236816, 1.2377970218658447, 1.2131145000457764, 1.2900937795639038, 1.257225751876831, 1.267229437828064, 1.3202438354492188, 1.344133734703064, 1.3212072849273682, 1.334086537361145, 1.335315227508545, 1.339186429977417, 1.3755336999893188, 1.35975182056427, 1.3606590032577515, 1.403307318687439, 1.418012022972107, 1.4080528020858765, 1.3918325901031494, 1.4340064525604248, 1.4208861589431763, 1.4390780925750732, 1.448413372039795, 1.4424830675125122, 1.5124036073684692, 1.4810172319412231, 1.45950186252594, 1.5293967723846436, 1.4949995279312134, 1.4974573850631714, 1.581771731376648, 1.502450942993164, 1.5946153402328491, 1.5586072206497192, 1.5771838426589966, 1.578744649887085, 1.5781744718551636, 1.5649126768112183, 1.6546510457992554, 1.5950541496276855]}