{"train_loss": [1.0577679872512817, 0.9896572232246399, 0.9671586751937866, 0.9437257051467896, 0.9303193688392639, 0.9156705141067505, 0.9088828563690186, 0.8970349431037903, 0.8756701350212097, 0.8580703735351562, 0.8353788256645203, 0.8240528702735901, 0.8281940221786499, 0.7941904664039612, 0.7830398678779602, 0.7662408351898193, 0.7566183805465698, 0.7365512251853943, 0.7273404002189636, 0.708374559879303, 0.686042308807373, 0.6757937073707581, 0.663992702960968, 0.6470953822135925, 0.6381692290306091, 0.6375119090080261, 0.6189382076263428, 0.6031317710876465, 0.5852170586585999, 0.5788475275039673, 0.5741124153137207, 0.5621196627616882, 0.5384159088134766, 0.532164990901947, 0.522939920425415, 0.5109788775444031, 0.5009570121765137, 0.5055208802223206, 0.48668530583381653, 0.48500338196754456, 0.4632273018360138, 0.445363312959671, 0.43604719638824463, 0.42889419198036194, 0.4284532070159912, 0.4092941880226135, 0.4019309878349304, 0.399485319852829, 0.3992166519165039, 0.3820415735244751, 0.3767566382884979, 0.3594113290309906, 0.3520807921886444, 0.34984228014945984, 0.3542907238006592, 0.3336718678474426, 0.3388572931289673, 0.32846999168395996, 0.31124159693717957, 0.30145061016082764, 0.2999720573425293, 0.2898932099342346, 0.29684776067733765, 0.27817052602767944, 0.2729501724243164, 0.275274395942688, 0.26681122183799744, 0.26150789856910706, 0.25104424357414246, 0.24362652003765106, 0.23868395388126373, 0.22844193875789642, 0.21948817372322083, 0.22733959555625916, 0.21707721054553986, 0.22079238295555115, 0.21511946618556976, 0.2000761181116104, 0.19814661145210266, 0.1949733942747116], "val_loss": [1.0136512517929077, 0.9984582662582397, 0.9969411492347717, 1.0118669271469116, 1.025102972984314, 1.029380202293396, 1.0388731956481934, 1.047013521194458, 1.05231773853302, 1.0402987003326416, 1.048160195350647, 1.0808143615722656, 1.0558552742004395, 1.0613136291503906, 1.0587550401687622, 1.0686602592468262, 1.0622750520706177, 1.074436902999878, 1.0869823694229126, 1.0861226320266724, 1.097931981086731, 1.11171293258667, 1.138299584388733, 1.1305309534072876, 1.1452696323394775, 1.1515313386917114, 1.166585922241211, 1.180950403213501, 1.178145170211792, 1.1764531135559082, 1.1842256784439087, 1.2053980827331543, 1.2329164743423462, 1.2198774814605713, 1.2107422351837158, 1.2555397748947144, 1.2304489612579346, 1.2514201402664185, 1.3085944652557373, 1.2882024049758911, 1.2752374410629272, 1.320409893989563, 1.303515911102295, 1.3326079845428467, 1.2921593189239502, 1.3617297410964966, 1.3483970165252686, 1.3692866563796997, 1.3544853925704956, 1.4106045961380005, 1.3701415061950684, 1.3983235359191895, 1.4011772871017456, 1.4256689548492432, 1.3682154417037964, 1.4716074466705322, 1.3974546194076538, 1.4631868600845337, 1.4451051950454712, 1.4201054573059082, 1.4565249681472778, 1.4842957258224487, 1.4592283964157104, 1.4529327154159546, 1.491913914680481, 1.4918601512908936, 1.5341137647628784, 1.5084863901138306, 1.4519215822219849, 1.5609980821609497, 1.593320608139038, 1.4991605281829834, 1.569105863571167, 1.5550326108932495, 1.5820426940917969, 1.6116828918457031, 1.5772595405578613, 1.5751404762268066, 1.6372339725494385, 1.5966061353683472]}