{"train_loss": [1.009586917751329, 1.0094348618986901, 1.0093059240275417, 1.0091904372408802, 1.0090788225102807, 1.0089736199481145, 1.0088800883347826, 1.0087805507912875, 1.0086882659930825, 1.0085986358266537, 1.008510807631561, 1.0084250686285758, 1.00833977477824, 1.008256870816915, 1.008175002808197, 1.0080967344693708, 1.008018745089989, 1.0079405282893996, 1.0078628531710712, 1.0077844359775192, 1.007706796878415, 1.0076285553244824, 1.007550372579054, 1.0074723109617794, 1.0073938185024236, 1.0073150261034802, 1.0072377819730791, 1.00716124898159, 1.0070844471179614, 1.0070078867326182, 1.0069326258754863, 1.0068579261585742, 1.0067829809153437, 1.006707738525958, 1.006633143455179, 1.0065582697448021, 1.0064844439657612, 1.0064106590254314, 1.0063374056570362, 1.006264668769158, 1.0061920161330336, 1.006119178241582, 1.0060468728638234, 1.0059737938848052, 1.0059011289660535, 1.0058292189250893, 1.0057567904844347, 1.0056830895493534, 1.0056108194721753, 1.005538425159683, 1.0054664238186077, 1.005394326452207, 1.0053215319709203, 1.0052487153741916, 1.0051768536166708, 1.005105206456998, 1.0050338004804944, 1.0049625015330705, 1.0048903309972135, 1.0048172173876637, 1.0047437813699247, 1.004669496818626, 1.0045952108979628, 1.0045212046019432, 1.0044469150963875, 1.0043731154817785, 1.004298776569693, 1.0042247881290738, 1.0041508650324125, 1.0040766158175984, 1.004002000276922, 1.003926966362428, 1.0038527213675186, 1.0037786127206543, 1.0037054056633006, 1.0036318808552778, 1.0035581422796067, 1.0034840271934895, 1.0034099767588096, 1.0033356013186185, 1.0032606754374216, 1.003185762295993, 1.0031104691153752, 1.0030353541829498, 1.0029593944330275, 1.0028831411500325, 1.0028066067547619, 1.0027309660263923, 1.0026551064564138, 1.0025790475623082, 1.0025033258894793, 1.002427938231832, 1.0023520397432089, 1.0022767883063404, 1.0021990896228339, 1.0021217026022697, 1.0020448458529156, 1.0019693102583398, 1.0018937388540983, 1.0018175211015463], "val_loss": [0.9672514178801902, 0.9679272449728016, 0.9684362273212905, 0.968822843621859, 0.9692127294706129, 0.9695370813880415, 0.9696682722374219, 0.9700221564357955, 0.970298991279194, 0.9705426246335507, 0.970737090781717, 0.9708792598374589, 0.9710240244024857, 0.9711321065437895, 0.971361206535748, 0.9713499734153487, 0.9714539672510989, 0.9715406152417211, 0.9716123786857415, 0.9716631657622418, 0.9716995563054794, 0.9718268804793072, 0.9717689283652845, 0.9717089083119376, 0.9716907779656124, 0.9717456447664448, 0.9717591385426942, 0.9717075342553342, 0.9717275018912561, 0.9717633151981212, 0.9717331750756111, 0.9717636435380845, 0.9716587824616536, 0.971786481813493, 0.9717748951110796, 0.9717923377981631, 0.9718473074943293, 0.9719024430228543, 0.9718902029256631, 0.9719429924697701, 0.9719886530612561, 0.9719279645511929, 0.9720113609848301, 0.9719933269349542, 0.9719199235624661, 0.9719605678066877, 0.9719522700464488, 0.9719375556177399, 0.9718949941613162, 0.9719171241208389, 0.9717707240045957, 0.9717198482164155, 0.971683641233027, 0.9716587875559015, 0.9716595097905839, 0.9715307086994476, 0.9715476757274548, 0.9715285996573151, 0.9715604509407618, 0.9716534347997069, 0.9716920428817193, 0.9717619537686598, 0.9718223115778342, 0.9719543185482391, 0.9718656560998643, 0.9718831660010443, 0.9718514910790452, 0.9718916442235107, 0.9719046693979158, 0.971801044735276, 0.9719182356062522, 0.971838128717688, 0.971907680585328, 0.9718544737555725, 0.9718746478541938, 0.9719238021044957, 0.9718072574673721, 0.9717316767564139, 0.9717364664733537, 0.9718253599617627, 0.9718255115432212, 0.9719230321423501, 0.9719906559031536, 0.9719113103033717, 0.97192701066626, 0.9719153067536179, 0.9718413249890449, 0.9717981576616662, 0.9718620856039983, 0.9717897743519199, 0.9718634547942748, 0.9719067199099614, 0.9719375884786592, 0.9720902483184909, 0.971986580961439, 0.9719725753047057, 0.9719067553024048, 0.971826671925873, 0.971815458469529, 0.9718169738647446]}