{"train_loss": [1.0083403263704427, 1.0082022964675246, 1.0080828073824206, 1.00798161175368, 1.0078930401063808, 1.0078154306127944, 1.0077477852536452, 1.0076859083360767, 1.0076263989810703, 1.0075755748881143, 1.0075216087334473, 1.0074694922865615, 1.007423132087021, 1.007381703893535, 1.0073377812926418, 1.0072948781053768, 1.0072532611624894, 1.0072112561310473, 1.0071706632586477, 1.0071293227536364, 1.0070878088301154, 1.0070478013183992, 1.0070070244687577, 1.0069666022202646, 1.0069253645547425, 1.006883971222226, 1.0068438624437006, 1.0068032713787562, 1.0067637616780838, 1.006723668786973, 1.0066834139636074, 1.0066434084309428, 1.006603516296941, 1.006563341757101, 1.0065241018899098, 1.006485012114546, 1.0064461645127232, 1.0064081512379528, 1.0063701087042989, 1.006331982127833, 1.0062936850156785, 1.006255355167442, 1.0062168333491284, 1.0061776126073758, 1.0061391677573617, 1.0060999980454581, 1.0060606750880308, 1.0060213084780911, 1.0059821786641492, 1.0059431549287494, 1.0059041800612787, 1.0058649236099828, 1.005825887479918, 1.0057867542434005, 1.0057471512395606, 1.0057074463581488, 1.005667686509482, 1.0056279319950923, 1.0055883441300761, 1.0055484071853933, 1.0055084907918834, 1.0054684569763799, 1.0054282527568412, 1.005387971336539, 1.0053474618617515, 1.0053065753179344, 1.005265421491649, 1.0052241356237566, 1.005182346052081, 1.0051410295116125, 1.0051000022501284, 1.0050590500872485, 1.0050187316910935, 1.004977045564495, 1.004934667044393, 1.00489256459598, 1.0048497477109886, 1.004806145850216, 1.0047624497338894, 1.0047188354684884, 1.0046755260811004, 1.0046325021797926, 1.0045882908882342, 1.004543256968678, 1.004499221608261, 1.0044542217530272, 1.0044091862491291, 1.0043640683606332, 1.0043184598542643, 1.0042731472613182, 1.004227707097694, 1.0041820985939551, 1.0041364257962122, 1.0040903115535291, 1.0040443901585265, 1.0039990741166613, 1.0039535422332806, 1.0039075624526945, 1.003861332744013, 1.0038146684639289], "val_loss": [0.9643212797751667, 0.965015237245792, 0.965652836285618, 0.9662152551557928, 0.9667278527108855, 0.9671816352860855, 0.9675709830004209, 0.9679156053298368, 0.9682687618394588, 0.9684707536432083, 0.9687768406257078, 0.9690968352762664, 0.9692709531709763, 0.9692665251499867, 0.9694029691450481, 0.9695472817693735, 0.9696291695031637, 0.9697640434009677, 0.9698051635083993, 0.9698848259276807, 0.9700020464549551, 0.9699581407448781, 0.9699959938787595, 0.9700878157164072, 0.9700743446449407, 0.9702010799949699, 0.9701426877672169, 0.9701834096481263, 0.9702566977098646, 0.9702016214098301, 0.9702210759386967, 0.9701669114068685, 0.970094799535509, 0.9701248873385098, 0.9701877679345771, 0.9702009668449676, 0.9701840918530451, 0.9700860610022158, 0.9700104365231695, 0.9700085537078935, 0.9699791467794663, 0.9699938464413868, 0.9699734257482783, 0.9698971768397735, 0.9698321540008744, 0.9698688494195759, 0.9697352589200583, 0.9697022762070353, 0.9697321071448459, 0.9697239851583491, 0.9696382857802607, 0.9697407084209675, 0.9696426284874552, 0.969723781359804, 0.9696954327680735, 0.9696755619719162, 0.9696455409764129, 0.9695809721442066, 0.9695414258732168, 0.9695291081520105, 0.969513241874223, 0.9695758676594599, 0.9695136820613037, 0.9695177332615407, 0.96958474173128, 0.9695435186526582, 0.9695580104796871, 0.9695466149545082, 0.9694001890074361, 0.9694517013282785, 0.9693430025079703, 0.9692440100792572, 0.969130597336109, 0.9690608793167271, 0.9691140996994142, 0.9691175361283862, 0.9690769843635981, 0.9691397365061392, 0.9691553909710189, 0.9690873971947812, 0.9690082152827131, 0.9690888427300508, 0.9689836885363121, 0.9689605968610732, 0.9688491692493879, 0.9689131155532736, 0.9689589665231515, 0.968925591921047, 0.9689379218086043, 0.9689152339878107, 0.9688538664269913, 0.9689224634095629, 0.9687778060126412, 0.9688104310378307, 0.9688510871315491, 0.9688133633429957, 0.9688196261693721, 0.9687982947196542, 0.9687758616548333, 0.9687221507548339]}