{"train_loss": [1.0107292579633491, 1.0105086798530607, 1.0103123334623874, 1.0101365275138035, 1.00997887711202, 1.009830672765174, 1.0096933426934116, 1.0095720767881695, 1.0094533809698083, 1.0093396475471126, 1.0092303642682308, 1.0091279741956984, 1.0090231307041433, 1.0089219151339908, 1.0088214544775156, 1.0087203692010405, 1.008620789779965, 1.0085250129922096, 1.0084294261800009, 1.0083326594326696, 1.008236228064804, 1.0081410804323199, 1.0080458421031562, 1.0079495267478287, 1.0078542334099618, 1.007760342600968, 1.0076686372260437, 1.0075800805270263, 1.0074885165937255, 1.0073991143113645, 1.007310072241372, 1.0072196402174183, 1.0071309796612313, 1.0070446504479513, 1.0069588155140303, 1.0068745319194363, 1.0067937324796974, 1.0067142171493746, 1.0066333482598193, 1.006554096793671, 1.006474695766477, 1.006394443086666, 1.0063130462484653, 1.0062317703216521, 1.0061506743635125, 1.0060689201344988, 1.005987369933248, 1.0059064427828033, 1.0058261384431437, 1.005745805334398, 1.005665040128661, 1.0055840238229712, 1.005503358480623, 1.0054215454395135, 1.0053412742643788, 1.0052612120198947, 1.0051826882091393, 1.0051040428977294, 1.0050256263410504, 1.0049470193191337, 1.0048689200749081, 1.0047897798384882, 1.0047111863346416, 1.0046334431669215, 1.0045573632233356, 1.0044807931857802, 1.0044040906116527, 1.0043284131914627, 1.0042535729265643, 1.0041777533589427, 1.0041021623628525, 1.0040267618488168, 1.0039512061371128, 1.0038754303276591, 1.003799138608845, 1.0037222285896619, 1.0036457373281196, 1.0035675399686952, 1.0034898279935622, 1.0034124555786994, 1.003334635601819, 1.0032567338730367, 1.0031765016806176, 1.0030956591578126, 1.003013457167105, 1.0029282074652062, 1.002840364016315, 1.0027514787477707, 1.0026651735607282, 1.0025768198847869, 1.002487066929816, 1.0023985560199593, 1.002307999176777, 1.0022184374803882, 1.0021285309579637, 1.0020386622623818, 1.0019470240733959, 1.0018581274112361, 1.0017708140427175, 1.001681350266442], "val_loss": [0.9787931438296524, 0.9778118136189714, 0.976943148048083, 0.9761734396264374, 0.9755334468233022, 0.9749229403676929, 0.9743773068166707, 0.9741035176718245, 0.9738246415659951, 0.9736217119941907, 0.9733223305122405, 0.9732463564845746, 0.9730817343145745, 0.9730635554763934, 0.9729654251706644, 0.972764914356473, 0.9725401064141989, 0.9726042809027894, 0.9726370933279753, 0.9725963875881269, 0.972560410726014, 0.9725809736238142, 0.9725651378791828, 0.9724542788448308, 0.9724122491909404, 0.9724305333809343, 0.972380175619551, 0.9722434929986283, 0.9722433528004524, 0.9722736889649346, 0.9722810796461998, 0.9723306175940357, 0.9724258412026526, 0.9724104482427383, 0.972491433209311, 0.9725237292348996, 0.9726564734982535, 0.9727072003885999, 0.9726974281560353, 0.9727109520680596, 0.972777472111663, 0.9726969557252484, 0.9727893509016586, 0.9728664692767154, 0.9728640599635914, 0.9728749492043756, 0.9728258348605562, 0.9728911113421376, 0.9728669864277291, 0.9728424789017025, 0.972879330302241, 0.9729560723798909, 0.9729425905228827, 0.9729173691988341, 0.9730453193019778, 0.9731221396317431, 0.9731232609224194, 0.9732718864430396, 0.9731791890011775, 0.9732049736878479, 0.9731992893598044, 0.9733077783115482, 0.9734664960461251, 0.9735607169949533, 0.9737512354168237, 0.9738179252675474, 0.9737635427135015, 0.9738237052882058, 0.9737766362398085, 0.9736915514301, 0.9737724254273108, 0.9737734531359621, 0.9739571373998698, 0.9739255078735336, 0.9740049606552187, 0.9741260745456433, 0.9742560530089106, 0.9741843365347012, 0.9741560769155215, 0.9743257247374311, 0.974256069908702, 0.9742620793140143, 0.974283532102757, 0.974348074646257, 0.9743628887154947, 0.9743471540417379, 0.9743935029289595, 0.9745712486418171, 0.9744765151842565, 0.9746845567813968, 0.9748808304317532, 0.9748379460835213, 0.9749513185671698, 0.974911719873896, 0.9749758910947233, 0.9748836813183979, 0.9749811408361317, 0.9750885961866999, 0.9753178140670451, 0.9753877176423736]}