{"train_loss": [1.0137414932250977, 1.0104676485061646, 1.0080705881118774, 1.0051881074905396, 1.0030364990234375, 1.0005884170532227, 0.9983568787574768, 0.9928056597709656, 0.9910951256752014, 0.9828492999076843, 0.9780108332633972, 0.9707504510879517, 0.9659699201583862, 0.964881420135498, 0.9573788642883301, 0.9484298825263977, 0.9453108906745911, 0.9381020069122314, 0.9342479705810547, 0.9255444407463074, 0.9226691722869873, 0.9156646728515625, 0.9134818315505981, 0.9060078263282776, 0.9027825593948364, 0.8913842439651489, 0.8854567408561707, 0.8780233860015869, 0.8736421465873718, 0.8670406341552734, 0.8621214628219604, 0.8584157824516296, 0.8465768098831177, 0.8385257720947266, 0.8348624110221863, 0.8324196338653564, 0.8314210176467896, 0.8175219297409058, 0.8157153129577637, 0.8052694201469421, 0.8047696352005005, 0.7928367853164673, 0.7951067686080933, 0.7842183113098145, 0.7877768874168396, 0.7780186533927917, 0.7696415781974792, 0.7626296281814575, 0.7598474621772766, 0.7561079263687134, 0.7542275190353394, 0.748732328414917, 0.7389336824417114, 0.733734130859375, 0.7332755327224731, 0.7249358892440796, 0.7187170386314392, 0.715246856212616, 0.7160684466362, 0.7052735090255737, 0.7058160901069641, 0.696445643901825, 0.6876871585845947, 0.6906821131706238, 0.6797055006027222, 0.677448034286499, 0.6776490807533264, 0.6677378416061401, 0.6653817296028137, 0.6574134826660156, 0.6475589275360107, 0.6454398036003113, 0.6435770392417908, 0.6375119686126709, 0.640756368637085, 0.6263241171836853, 0.6217405200004578, 0.6157514452934265, 0.6127794981002808, 0.6048099994659424], "val_loss": [0.9901527762413025, 0.9884297847747803, 0.9894590973854065, 0.9891771674156189, 0.9883125424385071, 0.9968122243881226, 0.9950119853019714, 0.9933634400367737, 1.0003304481506348, 0.9995445013046265, 1.0033560991287231, 1.0144659280776978, 1.0172145366668701, 1.0260124206542969, 1.0192452669143677, 1.0295562744140625, 1.035530686378479, 1.0339810848236084, 1.035156011581421, 1.0328092575073242, 1.0386892557144165, 1.0515754222869873, 1.0345911979675293, 1.0450644493103027, 1.0498886108398438, 1.0552842617034912, 1.0576053857803345, 1.0641493797302246, 1.066460371017456, 1.0660377740859985, 1.0662152767181396, 1.0602799654006958, 1.0885072946548462, 1.0837496519088745, 1.0790374279022217, 1.1065810918807983, 1.079522967338562, 1.107829213142395, 1.1055912971496582, 1.1024515628814697, 1.1048310995101929, 1.1156575679779053, 1.1114486455917358, 1.1060407161712646, 1.1141425371170044, 1.1604430675506592, 1.1254581212997437, 1.107753872871399, 1.099493384361267, 1.123988389968872, 1.140466332435608, 1.1320534944534302, 1.1393725872039795, 1.1461677551269531, 1.144608974456787, 1.1354528665542603, 1.1363747119903564, 1.1452724933624268, 1.1412436962127686, 1.1582061052322388, 1.148730754852295, 1.1618494987487793, 1.1833049058914185, 1.1699880361557007, 1.180242657661438, 1.1761497259140015, 1.1840335130691528, 1.1831226348876953, 1.1879303455352783, 1.1853145360946655, 1.1936695575714111, 1.1876673698425293, 1.1867083311080933, 1.2216706275939941, 1.1954313516616821, 1.20418381690979, 1.2226313352584839, 1.206404209136963, 1.2028287649154663, 1.2164942026138306]}