{"train_loss": [1.0127983093261719, 1.0088355541229248, 1.0053682327270508, 1.0025105476379395, 0.9986600875854492, 0.9961652755737305, 0.9920172095298767, 0.985851526260376, 0.9805948734283447, 0.9767829179763794, 0.9707922339439392, 0.962753176689148, 0.9565131664276123, 0.9506970643997192, 0.9428493976593018, 0.9363367557525635, 0.9328213930130005, 0.9232568144798279, 0.9161683320999146, 0.912113606929779, 0.9021444916725159, 0.8960121870040894, 0.8902642726898193, 0.8846924901008606, 0.8834376335144043, 0.8796084523200989, 0.8710806369781494, 0.864814281463623, 0.8593006134033203, 0.8539872765541077, 0.8528241515159607, 0.8472965955734253, 0.840844988822937, 0.8336506485939026, 0.8345141410827637, 0.8282878398895264, 0.8264926075935364, 0.8185229301452637, 0.8140833377838135, 0.8159158825874329, 0.8085023760795593, 0.8024249076843262, 0.7989122271537781, 0.7925602793693542, 0.7986166477203369, 0.7871049046516418, 0.7814985513687134, 0.7756016254425049, 0.7759913802146912, 0.7672855854034424, 0.7616390585899353, 0.754399299621582, 0.7510849237442017, 0.74812251329422, 0.7425532341003418, 0.7413838505744934, 0.7329692840576172, 0.7280125617980957, 0.722775399684906, 0.720750629901886, 0.7137001752853394, 0.7074800133705139, 0.7067157626152039, 0.6983557343482971, 0.6933093667030334, 0.6921624541282654, 0.683811366558075, 0.6793707609176636, 0.6716729402542114, 0.6734929084777832, 0.6697015166282654, 0.6625967621803284, 0.6537531018257141, 0.6501813530921936, 0.6445289850234985, 0.6376702785491943, 0.6305056214332581, 0.6309094429016113, 0.6156612634658813, 0.6182597279548645], "val_loss": [0.987483024597168, 0.9908986687660217, 0.9896455407142639, 0.9912205934524536, 0.9948475956916809, 0.994388222694397, 0.9937929511070251, 0.9992700815200806, 0.9940793514251709, 0.9982087016105652, 1.007933497428894, 0.9986575841903687, 1.007667064666748, 1.0031006336212158, 1.0185104608535767, 1.0261950492858887, 1.0303642749786377, 1.0318273305892944, 1.0446536540985107, 1.045320987701416, 1.051895260810852, 1.0573811531066895, 1.0699533224105835, 1.0732498168945312, 1.0741024017333984, 1.0882384777069092, 1.074295163154602, 1.0884146690368652, 1.1009526252746582, 1.1100858449935913, 1.1268473863601685, 1.1210075616836548, 1.1207326650619507, 1.121126413345337, 1.1213032007217407, 1.1116186380386353, 1.1269809007644653, 1.1319283246994019, 1.1354048252105713, 1.1474075317382812, 1.1401771306991577, 1.1366355419158936, 1.1513553857803345, 1.1610420942306519, 1.1604797840118408, 1.158507227897644, 1.1757277250289917, 1.1513590812683105, 1.1842634677886963, 1.1847532987594604, 1.1852110624313354, 1.2087692022323608, 1.204389214515686, 1.2033159732818604, 1.211311936378479, 1.212950348854065, 1.225878119468689, 1.2312490940093994, 1.2174773216247559, 1.2345012426376343, 1.2242045402526855, 1.234527349472046, 1.2202454805374146, 1.2336312532424927, 1.2334507703781128, 1.2223328351974487, 1.2287019491195679, 1.2397211790084839, 1.2474240064620972, 1.2483935356140137, 1.2351592779159546, 1.2597463130950928, 1.262752890586853, 1.2436161041259766, 1.2726725339889526, 1.2725991010665894, 1.2932240962982178, 1.2851089239120483, 1.277672290802002, 1.283523678779602]}