{"train_loss": [1.0138227939605713, 1.0093952417373657, 1.0058839321136475, 1.00210702419281, 0.9983057379722595, 0.9937369227409363, 0.9875395894050598, 0.9822510480880737, 0.9755364656448364, 0.9679499864578247, 0.9608036875724792, 0.9539133310317993, 0.9459136724472046, 0.9389069676399231, 0.9314316511154175, 0.9258928298950195, 0.9212861657142639, 0.914301872253418, 0.9092311859130859, 0.9043300747871399, 0.9007752537727356, 0.8939982652664185, 0.8899477124214172, 0.8845253586769104, 0.8782427906990051, 0.8762389421463013, 0.8690431714057922, 0.8691113591194153, 0.8598445057868958, 0.853248119354248, 0.8546027541160583, 0.8451356887817383, 0.837188720703125, 0.8329887986183167, 0.8309036493301392, 0.8274533152580261, 0.8167027235031128, 0.8112735748291016, 0.8069945573806763, 0.797963559627533, 0.795703113079071, 0.7991619110107422, 0.784077525138855, 0.7839515209197998, 0.7714465856552124, 0.7680031061172485, 0.7664380073547363, 0.7583288550376892, 0.7542609572410583, 0.7504149675369263, 0.7467947602272034, 0.7432918548583984, 0.7383983135223389, 0.7276775240898132, 0.7188346982002258, 0.7187368273735046, 0.7148556113243103, 0.7109957337379456, 0.705772876739502, 0.6999196410179138, 0.6913367509841919, 0.6897023916244507, 0.6819161772727966, 0.6869242191314697, 0.6740947961807251, 0.673312246799469, 0.6635979413986206, 0.6570533514022827, 0.6544267535209656, 0.6494801640510559, 0.6457512974739075, 0.634968638420105, 0.6281562447547913, 0.6282118558883667, 0.6325315833091736, 0.6189168691635132, 0.6089766621589661, 0.6053881049156189, 0.5994586944580078, 0.5961750149726868], "val_loss": [0.9855921864509583, 0.9858224391937256, 0.9835236668586731, 0.981431245803833, 0.9786587357521057, 0.9761641025543213, 0.9728580117225647, 0.9727514982223511, 0.9737955927848816, 0.9698412418365479, 0.9699791073799133, 0.9747821688652039, 0.9759284853935242, 0.9820570349693298, 0.9891060590744019, 0.9984951019287109, 0.9977174401283264, 1.0021488666534424, 0.998221755027771, 1.0154951810836792, 1.0141292810440063, 1.0148983001708984, 1.0190465450286865, 1.0226635932922363, 1.0397615432739258, 1.0333257913589478, 1.0509339570999146, 1.0593065023422241, 1.0486700534820557, 1.0543514490127563, 1.0715718269348145, 1.0724660158157349, 1.0779985189437866, 1.0763487815856934, 1.0816701650619507, 1.0852503776550293, 1.0787959098815918, 1.0815807580947876, 1.0865187644958496, 1.090140700340271, 1.0882562398910522, 1.0905741453170776, 1.1006619930267334, 1.112313985824585, 1.117296576499939, 1.120307445526123, 1.1193139553070068, 1.1368317604064941, 1.1213046312332153, 1.133076786994934, 1.135731816291809, 1.12763512134552, 1.133473515510559, 1.1561663150787354, 1.1463700532913208, 1.1477305889129639, 1.1529439687728882, 1.1396631002426147, 1.162627100944519, 1.153526782989502, 1.174424409866333, 1.1901143789291382, 1.1927752494812012, 1.1998156309127808, 1.1829771995544434, 1.1985026597976685, 1.2037410736083984, 1.2115830183029175, 1.2071280479431152, 1.2211443185806274, 1.2129994630813599, 1.2272378206253052, 1.2360466718673706, 1.2246595621109009, 1.2365493774414062, 1.2519614696502686, 1.2391716241836548, 1.2420601844787598, 1.2534385919570923, 1.2622958421707153]}